{"input": {"event": "regular_reading", "temperature_C": 22.59, "CO2_ppm": 2227.7, "moisture_percent": 44.42, "mass_loss_percent": 28.69, "pH": 7.74, "forecast_temp_C": 38.2, "forecast_humidity_percent": 65.69, "forecast_condition": "sunny", "humidity_sensor_percent": 54.67, "gps_latitude": 24.7136, "gps_longitude": 46.6753, "hour_sin": -0.9659258262890683, "hour_cos": -0.25881904510252063, "dayofweek_sin": 0.7818314824680298, "dayofweek_cos": 0.6234898018587336}, "prediction": 70.95}