{"input": {"event": "regular_reading", "temperature_C": 23.64, "CO2_ppm": 3359.21, "moisture_percent": 41.76, "mass_loss_percent": 24.27, "pH": 6.49, "forecast_temp_C": 30.79, "forecast_humidity_percent": 44.98, "forecast_condition": "sunny", "humidity_sensor_percent": 30.55, "gps_latitude": 24.7136, "gps_longitude": 46.6753, "hour_sin": -0.2588190451025208, "hour_cos": -0.9659258262890683, "dayofweek_sin": -0.433883739117558, "dayofweek_cos": -0.9009688679024191}, "prediction": 68.78}