{"input": {"event": "measurement", "temperature_C": 30.5, "CO2_ppm": 1200.0, "moisture_percent": 60.0, "mass_loss_percent": 15.0, "pH": 7.2, "forecast_temp_C": 26.0, "forecast_humidity_percent": 65.0, "forecast_condition": "sunny", "humidity_sensor_percent": 62.0, "gps_latitude": 24.7136, "gps_longitude": 46.6753, "hour_sin": 0.49999999999999994, "hour_cos": -0.8660254037844387, "dayofweek_sin": 0.9749279121818236, "dayofweek_cos": -0.22252093395631434}, "prediction": 95.07}