{"input": {"event": "regular_reading", "temperature_C": 38.67, "CO2_ppm": 2635.21, "moisture_percent": 47.54, "mass_loss_percent": 15.0, "pH": 7.58, "forecast_temp_C": 27.25, "forecast_humidity_percent": 43.74, "forecast_condition": "rainy", "humidity_sensor_percent": 31.65, "gps_latitude": 24.7136, "gps_longitude": 46.6753, "hour_sin": -0.7071067811865471, "hour_cos": -0.7071067811865479, "dayofweek_sin": 0.9749279121818236, "dayofweek_cos": -0.22252093395631434}, "prediction": 76.21}