{"input": {"event": "regular_reading", "temperature_C": 35.14, "CO2_ppm": 2182.04, "moisture_percent": 56.02, "mass_loss_percent": 15.13, "pH": 7.3, "forecast_temp_C": 37.51, "forecast_humidity_percent": 31.97, "forecast_condition": "sunny", "humidity_sensor_percent": 31.12, "gps_latitude": 24.7136, "gps_longitude": 46.6753, "hour_sin": -0.2588190451025208, "hour_cos": -0.9659258262890683, "dayofweek_sin": -0.433883739117558, "dayofweek_cos": -0.9009688679024191}, "prediction": 87.5}